date_time,day,home_team,away_team,stadium
26/03/2004 19:45,Friday,Richmond,Collingwood,MCG
27/03/2004 14:15,Saturday,Hawthorn,Melbourne,MCG
27/03/2004 15:45,Saturday,Fremantle,Carlton,Subiaco
27/03/2004 19:15,Saturday,St Kilda,Geelong,Docklands
27/03/2004 19:15,Saturday,Brisbane Lions,Sydney,Gabba
28/03/2004 13:15,Sunday,Port Adelaide,Essendon,Footy Park
28/03/2004 14:15,Sunday,North Melbourne,Adelaide,MCG
28/03/2004 14:15,Sunday,Western Bulldogs,West Coast,Docklands
2/04/2004 19:40,Friday,Melbourne,Richmond,MCG
3/04/2004 14:10,Saturday,Collingwood,Western Bulldogs,MCG
3/04/2004 14:40,Saturday,Adelaide,Brisbane Lions,Footy Park
3/04/2004 19:10,Saturday,Essendon,St Kilda,Docklands
3/04/2004 20:40,Saturday,West Coast,Port Adelaide,Subiaco
4/04/2004 13:10,Sunday,Sydney,Fremantle,SCG
4/04/2004 14:10,Sunday,Carlton,Geelong,Princes Park
4/04/2004 14:10,Sunday,Hawthorn,North Melbourne,MCG
8/04/2004 19:40,Thursday,Brisbane Lions,Collingwood,Gabba
10/04/2004 14:10,Saturday,North Melbourne,Carlton,MCG
10/04/2004 19:10,Saturday,Sydney,Geelong,SCG
10/04/2004 19:10,Saturday,Essendon,West Coast,Docklands
11/04/2004 13:10,Sunday,Port Adelaide,Hawthorn,Footy Park
11/04/2004 14:10,Sunday,Western Bulldogs,Melbourne,MCG
11/04/2004 15:40,Sunday,Fremantle,Adelaide,Subiaco
12/04/2004 14:10,Monday,St Kilda,Richmond,Docklands
16/04/2004 19:40,Friday,Carlton,Essendon,MCG
17/04/2004 14:10,Saturday,Melbourne,Port Adelaide,MCG
17/04/2004 15:40,Saturday,West Coast,Brisbane Lions,Subiaco
17/04/2004 19:10,Saturday,Geelong,Richmond,Docklands
17/04/2004 19:40,Saturday,Adelaide,St Kilda,Footy Park
18/04/2004 13:10,Sunday,North Melbourne,Sydney,Manuka
18/04/2004 14:10,Sunday,Collingwood,Fremantle,Docklands
18/04/2004 14:10,Sunday,Hawthorn,Western Bulldogs,MCG
23/04/2004 19:40,Friday,Richmond,Adelaide,Docklands
24/04/2004 14:10,Saturday,St Kilda,North Melbourne,Docklands
24/04/2004 14:10,Saturday,Carlton,West Coast,Princes Park
24/04/2004 19:10,Saturday,Sydney,Melbourne,Homebush
24/04/2004 19:40,Saturday,Brisbane Lions,Hawthorn,Gabba
25/04/2004 13:15,Sunday,Collingwood,Essendon,MCG
25/04/2004 15:15,Sunday,Port Adelaide,Western Bulldogs,Footy Park
25/04/2004 16:15,Sunday,Fremantle,Geelong,Subiaco
30/04/2004 19:40,Friday,Richmond,Hawthorn,Docklands
1/05/2004 14:10,Saturday,Essendon,Sydney,MCG
1/05/2004 14:10,Saturday,North Melbourne,Western Bulldogs,Manuka
1/05/2004 19:10,Saturday,St Kilda,Brisbane Lions,Docklands
1/05/2004 20:40,Saturday,West Coast,Fremantle,Subiaco
2/05/2004 13:10,Sunday,Geelong,Adelaide,Kardinia
2/05/2004 14:10,Sunday,Melbourne,Carlton,MCG
2/05/2004 16:10,Sunday,Port Adelaide,Collingwood,Footy Park
7/05/2004 19:40,Friday,Western Bulldogs,Essendon,Docklands
8/05/2004 14:10,Saturday,Carlton,Collingwood,MCG
8/05/2004 16:10,Saturday,Fremantle,St Kilda,Subiaco
8/05/2004 19:10,Saturday,North Melbourne,Brisbane Lions,Docklands
8/05/2004 19:40,Saturday,Port Adelaide,Adelaide,Footy Park
9/05/2004 13:10,Sunday,Sydney,Richmond,SCG
9/05/2004 14:10,Sunday,Melbourne,West Coast,MCG
9/05/2004 17:10,Sunday,Hawthorn,Geelong,Docklands
14/05/2004 20:40,Friday,Adelaide,Essendon,Footy Park
15/05/2004 14:10,Saturday,Richmond,Western Bulldogs,MCG
15/05/2004 16:10,Saturday,West Coast,Sydney,Subiaco
15/05/2004 19:10,Saturday,Brisbane Lions,Carlton,Gabba
15/05/2004 19:10,Saturday,St Kilda,Collingwood,Docklands
16/05/2004 13:10,Sunday,Hawthorn,Fremantle,Launceston
16/05/2004 14:10,Sunday,Geelong,Melbourne,Kardinia
16/05/2004 14:10,Sunday,North Melbourne,Port Adelaide,Docklands
21/05/2004 19:40,Friday,Collingwood,Adelaide,Docklands
22/05/2004 14:10,Saturday,Melbourne,North Melbourne,MCG
22/05/2004 16:10,Saturday,Fremantle,Brisbane Lions,Subiaco
22/05/2004 19:10,Saturday,Geelong,Essendon,Docklands
22/05/2004 19:40,Saturday,Port Adelaide,Richmond,Footy Park
23/05/2004 13:10,Sunday,Sydney,Hawthorn,SCG
23/05/2004 14:10,Sunday,Carlton,Western Bulldogs,Princes Park
23/05/2004 14:10,Sunday,St Kilda,West Coast,Docklands
28/05/2004 19:40,Friday,Essendon,Fremantle,Docklands
29/05/2004 14:10,Saturday,Hawthorn,Adelaide,MCG
29/05/2004 16:10,Saturday,West Coast,Richmond,Subiaco
29/05/2004 19:10,Saturday,North Melbourne,Collingwood,Docklands
29/05/2004 19:10,Saturday,Western Bulldogs,Sydney,SCG
30/05/2004 13:10,Sunday,Melbourne,Brisbane Lions,Gabba
30/05/2004 14:10,Sunday,Carlton,St Kilda,Docklands
30/05/2004 14:40,Sunday,Port Adelaide,Geelong,Footy Park
4/06/2004 19:40,Friday,Collingwood,West Coast,Docklands
5/06/2004 14:10,Saturday,Hawthorn,Essendon,MCG
5/06/2004 14:40,Saturday,Adelaide,Carlton,Footy Park
5/06/2004 19:10,Saturday,North Melbourne,Richmond,Docklands
5/06/2004 19:40,Saturday,Brisbane Lions,Port Adelaide,Gabba
6/06/2004 13:10,Sunday,Sydney,St Kilda,SCG
6/06/2004 14:10,Sunday,Western Bulldogs,Geelong,Docklands
6/06/2004 16:10,Sunday,Fremantle,Melbourne,Subiaco
11/06/2004 19:40,Friday,Carlton,Hawthorn,Docklands
13/06/2004 13:10,Sunday,Port Adelaide,Sydney,Footy Park
12/06/2004 14:10,Saturday,Western Bulldogs,St Kilda,MCG
12/06/2004 19:10,Saturday,Essendon,Brisbane Lions,Docklands
12/06/2004 20:40,Saturday,West Coast,Adelaide,Subiaco
13/06/2004 14:10,Sunday,Richmond,Fremantle,MCG
13/06/2004 14:10,Sunday,Geelong,North Melbourne,Kardinia
14/06/2004 14:10,Monday,Melbourne,Collingwood,MCG
18/06/2004 19:40,Friday,St Kilda,Hawthorn,Docklands
19/06/2004 14:10,Saturday,Geelong,Brisbane Lions,Kardinia
19/06/2004 19:10,Saturday,Richmond,Carlton,Docklands
19/06/2004 20:40,Saturday,Fremantle,Port Adelaide,Subiaco
20/06/2004 13:10,Sunday,North Melbourne,West Coast,Manuka
20/06/2004 14:10,Sunday,Essendon,Melbourne,MCG
20/06/2004 15:10,Sunday,Adelaide,Western Bulldogs,Footy Park
26/06/2004 19:20,Saturday,Sydney,Collingwood,Homebush
2/07/2004 19:40,Friday,Essendon,North Melbourne,Docklands
3/07/2004 14:10,Saturday,Collingwood,Hawthorn,MCG
3/07/2004 14:10,Saturday,Carlton,Sydney,Princes Park
3/07/2004 19:40,Saturday,West Coast,Geelong,Subiaco
3/07/2004 19:40,Saturday,Brisbane Lions,Richmond,Gabba
4/07/2004 13:10,Sunday,St Kilda,Port Adelaide,Launceston
4/07/2004 14:10,Sunday,Western Bulldogs,Fremantle,Docklands
4/07/2004 15:10,Sunday,Adelaide,Melbourne,Footy Park
9/07/2004 19:40,Friday,Collingwood,Geelong,Docklands
10/07/2004 13:10,Saturday,Hawthorn,West Coast,Launceston
10/07/2004 14:10,Saturday,Richmond,Essendon,MCG
10/07/2004 19:10,Saturday,Sydney,Adelaide,SCG
10/07/2004 19:40,Saturday,Fremantle,North Melbourne,Subiaco
11/07/2004 13:10,Sunday,Brisbane Lions,Western Bulldogs,Gabba
11/07/2004 14:10,Sunday,Melbourne,St Kilda,MCG
11/07/2004 15:10,Sunday,Port Adelaide,Carlton,Footy Park
16/07/2004 20:40,Friday,West Coast,Essendon,Subiaco
17/07/2004 14:10,Saturday,Carlton,North Melbourne,Princes Park
17/07/2004 14:10,Saturday,Richmond,St Kilda,Docklands
17/07/2004 19:10,Saturday,Collingwood,Brisbane Lions,MCG
17/07/2004 19:40,Saturday,Adelaide,Fremantle,Footy Park
18/07/2004 13:10,Sunday,Geelong,Sydney,Kardinia
18/07/2004 14:10,Sunday,Hawthorn,Port Adelaide,MCG
18/07/2004 14:10,Sunday,Melbourne,Western Bulldogs,Docklands
23/07/2004 19:40,Friday,St Kilda,Essendon,Docklands
24/07/2004 14:10,Saturday,North Melbourne,Hawthorn,MCG
24/07/2004 16:10,Saturday,Fremantle,Sydney,Subiaco
24/07/2004 19:10,Saturday,Brisbane Lions,Adelaide,Gabba
24/07/2004 19:10,Saturday,Western Bulldogs,Collingwood,Docklands
25/07/2004 13:10,Sunday,Port Adelaide,West Coast,Footy Park
25/07/2004 14:10,Sunday,Geelong,Carlton,Docklands
25/07/2004 14:10,Sunday,Richmond,Melbourne,MCG
30/07/2004 20:40,Friday,Adelaide,North Melbourne,Footy Park
31/07/2004 14:10,Saturday,Carlton,Fremantle,Princes Park
31/07/2004 14:10,Saturday,Collingwood,Richmond,MCG
31/07/2004 19:10,Saturday,Sydney,Brisbane Lions,SCG
31/07/2004 19:10,Saturday,Essendon,Port Adelaide,Docklands
1/08/2004 13:10,Sunday,Geelong,St Kilda,Kardinia
1/08/2004 14:10,Sunday,Melbourne,Hawthorn,MCG
1/08/2004 16:10,Sunday,West Coast,Western Bulldogs,Subiaco
6/08/2004 20:40,Friday,Fremantle,Collingwood,Subiaco
7/08/2004 13:10,Saturday,St Kilda,Adelaide,Launceston
7/08/2004 14:10,Saturday,Essendon,Carlton,MCG
7/08/2004 19:10,Saturday,Western Bulldogs,Hawthorn,Docklands
7/08/2004 19:10,Saturday,Sydney,North Melbourne,SCG
8/08/2004 13:10,Sunday,Brisbane Lions,West Coast,Gabba
8/08/2004 14:10,Sunday,Richmond,Geelong,MCG
8/08/2004 15:10,Sunday,Port Adelaide,Melbourne,Footy Park
13/08/2004 19:40,Friday,Essendon,Collingwood,MCG
14/08/2004 14:10,Saturday,Hawthorn,Brisbane Lions,MCG
14/08/2004 14:10,Saturday,Geelong,Fremantle,Kardinia
14/08/2004 19:10,Saturday,Melbourne,Sydney,Docklands
14/08/2004 20:10,Saturday,Western Bulldogs,Port Adelaide,Marrara
15/08/2004 13:10,Sunday,Adelaide,Richmond,Footy Park
15/08/2004 14:10,Sunday,North Melbourne,St Kilda,Docklands
15/08/2004 16:10,Sunday,West Coast,Carlton,Subiaco
20/08/2004 19:40,Friday,Collingwood,Port Adelaide,MCG
21/08/2004 14:10,Saturday,Carlton,Melbourne,Princes Park
21/08/2004 14:40,Saturday,Adelaide,Geelong,Footy Park
21/08/2004 19:10,Saturday,Western Bulldogs,North Melbourne,Docklands
21/08/2004 19:20,Saturday,Sydney,Essendon,Homebush
22/08/2004 13:10,Sunday,Brisbane Lions,St Kilda,Gabba
22/08/2004 14:10,Sunday,Hawthorn,Richmond,MCG
22/08/2004 16:10,Sunday,Fremantle,West Coast,Subiaco
27/08/2004 19:40,Friday,Collingwood,Carlton,MCG
28/08/2004 14:10,Saturday,Richmond,Sydney,MCG
28/08/2004 16:10,Saturday,West Coast,Melbourne,Subiaco
28/08/2004 19:10,Saturday,St Kilda,Fremantle,Docklands
28/08/2004 19:10,Saturday,Brisbane Lions,North Melbourne,Gabba
29/08/2004 13:10,Sunday,Adelaide,Port Adelaide,Footy Park
29/08/2004 14:10,Sunday,Geelong,Hawthorn,Kardinia
29/08/2004 14:10,Sunday,Essendon,Western Bulldogs,Docklands
3/09/2004 19:30,Friday,Brisbane Lions,St Kilda,Gabba
4/09/2004 14:30,Saturday,Melbourne,Essendon,MCG
4/09/2004 19:30,Saturday,Sydney,West Coast,Homebush
5/09/2004 14:30,Sunday,Port Adelaide,Geelong,Footy Park
10/09/2004 19:30,Friday,St Kilda,Sydney,MCG
11/09/2004 19:30,Saturday,Geelong,Essendon,MCG
17/09/2004 20:30,Friday,Port Adelaide,St Kilda,Footy Park
18/09/2004 19:30,Saturday,Brisbane Lions,Geelong,MCG
25/09/2004 14:30,Saturday,Port Adelaide,Brisbane Lions,MCG
24/03/2005 19:40,Thursday,Brisbane Lions,St Kilda,Gabba
26/03/2005 14:10,Saturday,North Melbourne,Carlton,Docklands
26/03/2005 19:10,Saturday,Fremantle,Port Adelaide,Subiaco
26/03/2005 19:10,Saturday,Melbourne,Essendon,MCG
27/03/2005 13:10,Sunday,Sydney,Hawthorn,SCG
27/03/2005 14:10,Sunday,Richmond,Geelong,MCG
27/03/2005 16:40,Sunday,Adelaide,West Coast,Footy Park
28/03/2005 14:10,Monday,Collingwood,Western Bulldogs,MCG
1/04/2005 19:40,Friday,Carlton,Essendon,MCG
2/04/2005 14:10,Saturday,North Melbourne,Sydney,Manuka
2/04/2005 14:10,Saturday,Western Bulldogs,Melbourne,Docklands
2/04/2005 19:10,Saturday,West Coast,Geelong,Subiaco
2/04/2005 19:10,Saturday,Port Adelaide,Brisbane Lions,Footy Park
3/04/2005 13:10,Sunday,St Kilda,Fremantle,Launceston
3/04/2005 14:10,Sunday,Hawthorn,Richmond,MCG
3/04/2005 16:40,Sunday,Collingwood,Adelaide,Docklands
8/04/2005 19:40,Friday,Melbourne,Geelong,MCG
9/04/2005 14:10,Saturday,Carlton,Collingwood,MCG
9/04/2005 14:10,Saturday,St Kilda,North Melbourne,Docklands
9/04/2005 19:10,Saturday,Fremantle,West Coast,Subiaco
9/04/2005 19:10,Saturday,Brisbane Lions,Sydney,Gabba
10/04/2005 13:10,Sunday,Adelaide,Port Adelaide,Footy Park
10/04/2005 14:10,Sunday,Essendon,Hawthorn,MCG
10/04/2005 14:10,Sunday,Western Bulldogs,Richmond,Docklands
15/04/2005 19:40,Friday,North Melbourne,Collingwood,MCG
16/04/2005 14:10,Saturday,Hawthorn,Brisbane Lions,MCG
16/04/2005 14:10,Saturday,West Coast,Western Bulldogs,Subiaco
16/04/2005 19:10,Saturday,Geelong,Essendon,Docklands
16/04/2005 19:40,Saturday,Port Adelaide,Carlton,Footy Park
17/04/2005 13:10,Sunday,Sydney,Adelaide,SCG
17/04/2005 14:10,Sunday,Richmond,Fremantle,MCG
17/04/2005 16:40,Sunday,St Kilda,Melbourne,Docklands
22/04/2005 19:40,Friday,Port Adelaide,Geelong,Footy Park
23/04/2005 14:10,Saturday,Fremantle,Carlton,Subiaco
23/04/2005 14:10,Saturday,North Melbourne,Hawthorn,MCG
23/04/2005 19:10,Saturday,Sydney,Melbourne,SCG
23/04/2005 19:10,Saturday,Western Bulldogs,Adelaide,Docklands
24/04/2005 13:10,Sunday,Brisbane Lions,West Coast,Gabba
24/04/2005 17:10,Sunday,St Kilda,Richmond,Docklands
25/04/2005 14:10,Monday,Essendon,Collingwood,MCG
29/04/2005 19:40,Friday,Carlton,Hawthorn,Docklands
30/04/2005 14:10,Saturday,Adelaide,North Melbourne,Footy Park
30/04/2005 14:10,Saturday,Melbourne,Fremantle,MCG
30/04/2005 19:10,Saturday,West Coast,Sydney,Subiaco
30/04/2005 19:10,Saturday,Essendon,Brisbane Lions,Docklands
1/05/2005 13:10,Sunday,Geelong,Western Bulldogs,Kardinia
1/05/2005 14:10,Sunday,Collingwood,St Kilda,MCG
1/05/2005 16:40,Sunday,Richmond,Port Adelaide,Docklands
6/05/2005 19:40,Friday,Melbourne,Adelaide,MCG
7/05/2005 14:10,Saturday,Geelong,St Kilda,Docklands
7/05/2005 14:10,Saturday,Richmond,Carlton,MCG
7/05/2005 19:10,Saturday,Brisbane Lions,Western Bulldogs,Gabba
7/05/2005 19:10,Saturday,Sydney,Essendon,Homebush
8/05/2005 13:10,Sunday,Hawthorn,West Coast,Launceston
8/05/2005 16:40,Sunday,Port Adelaide,North Melbourne,Footy Park
8/05/2005 16:40,Sunday,Fremantle,Collingwood,Subiaco
13/05/2005 19:40,Friday,Carlton,Geelong,Docklands
14/05/2005 14:10,Saturday,Hawthorn,Melbourne,MCG
14/05/2005 14:10,Saturday,West Coast,St Kilda,Subiaco
14/05/2005 19:10,Saturday,Adelaide,Brisbane Lions,Footy Park
14/05/2005 19:10,Saturday,North Melbourne,Western Bulldogs,Docklands
15/05/2005 13:10,Sunday,Sydney,Port Adelaide,SCG
15/05/2005 14:10,Sunday,Collingwood,Richmond,MCG
15/05/2005 16:40,Sunday,Essendon,Fremantle,Docklands
20/05/2005 19:40,Friday,St Kilda,Adelaide,Docklands
21/05/2005 14:10,Saturday,Carlton,Melbourne,Princes Park
21/05/2005 14:10,Saturday,Collingwood,West Coast,MCG
21/05/2005 19:10,Saturday,Brisbane Lions,Richmond,Gabba
21/05/2005 19:10,Saturday,Port Adelaide,Essendon,Footy Park
22/05/2005 13:10,Sunday,Western Bulldogs,Sydney,SCG
22/05/2005 14:10,Sunday,Geelong,North Melbourne,Kardinia
22/05/2005 16:40,Sunday,Fremantle,Hawthorn,Subiaco
27/05/2005 19:40,Friday,Melbourne,Richmond,Docklands
28/05/2005 14:10,Saturday,Geelong,Fremantle,Kardinia
28/05/2005 14:10,Saturday,Hawthorn,Collingwood,MCG
28/05/2005 19:10,Saturday,Brisbane Lions,North Melbourne,Gabba
28/05/2005 19:10,Saturday,St Kilda,Sydney,Docklands
29/05/2005 13:10,Sunday,Adelaide,Carlton,Footy Park
29/05/2005 14:10,Sunday,Essendon,Western Bulldogs,Docklands
29/05/2005 16:40,Sunday,West Coast,Port Adelaide,Subiaco
3/06/2005 19:40,Friday,Collingwood,Geelong,Docklands
4/06/2005 14:10,Saturday,Carlton,Sydney,Docklands
4/06/2005 14:10,Saturday,Richmond,West Coast,MCG
4/06/2005 19:40,Saturday,Fremantle,Brisbane Lions,Subiaco
4/06/2005 19:40,Saturday,Adelaide,Essendon,Footy Park
5/06/2005 13:10,Sunday,North Melbourne,Melbourne,Manuka
5/06/2005 13:10,Sunday,St Kilda,Port Adelaide,Launceston
5/06/2005 14:10,Sunday,Western Bulldogs,Hawthorn,Docklands
10/06/2005 19:40,Friday,West Coast,Essendon,Subiaco
11/06/2005 14:10,Saturday,Hawthorn,St Kilda,MCG
11/06/2005 19:10,Saturday,Carlton,Brisbane Lions,Docklands
11/06/2005 19:40,Saturday,Port Adelaide,Western Bulldogs,Footy Park
12/06/2005 13:10,Sunday,Sydney,Fremantle,SCG
12/06/2005 14:10,Sunday,Geelong,Adelaide,Kardinia
12/06/2005 14:10,Sunday,North Melbourne,Richmond,Docklands
13/06/2005 14:10,Monday,Melbourne,Collingwood,MCG
17/06/2005 20:40,Friday,Port Adelaide,Hawthorn,Footy Park
18/06/2005 14:10,Saturday,Melbourne,West Coast,MCG
18/06/2005 19:10,Saturday,Richmond,Adelaide,Docklands
18/06/2005 19:40,Saturday,Western Bulldogs,Carlton,Marrara
19/06/2005 13:10,Sunday,Brisbane Lions,Geelong,Gabba
19/06/2005 16:40,Sunday,Fremantle,North Melbourne,Subiaco
24/06/2005 19:40,Friday,Essendon,St Kilda,Docklands
25/06/2005 19:10,Saturday,Sydney,Collingwood,Homebush
1/07/2005 19:40,Friday,Collingwood,Port Adelaide,Docklands
2/07/2005 14:10,Saturday,Richmond,Sydney,MCG
2/07/2005 14:10,Saturday,West Coast,Carlton,Subiaco
2/07/2005 19:10,Saturday,Essendon,North Melbourne,Docklands
2/07/2005 19:10,Saturday,Melbourne,Brisbane Lions,Gabba
3/07/2005 13:10,Sunday,Adelaide,Fremantle,Footy Park
3/07/2005 14:10,Sunday,Western Bulldogs,St Kilda,MCG
3/07/2005 16:40,Sunday,Geelong,Hawthorn,Docklands
8/07/2005 19:40,Friday,North Melbourne,West Coast,Docklands
9/07/2005 14:10,Saturday,Richmond,Essendon,MCG
9/07/2005 14:40,Saturday,Port Adelaide,Melbourne,Footy Park
9/07/2005 19:10,Saturday,Brisbane Lions,Collingwood,Gabba
9/07/2005 19:10,Saturday,Sydney,Geelong,SCG
10/07/2005 13:10,Sunday,Hawthorn,Adelaide,Launceston
10/07/2005 14:10,Sunday,St Kilda,Carlton,Docklands
10/07/2005 16:40,Sunday,Fremantle,Western Bulldogs,Subiaco
15/07/2005 19:40,Friday,Collingwood,Essendon,MCG
16/07/2005 14:10,Saturday,Geelong,Port Adelaide,Kardinia
16/07/2005 14:10,Saturday,Richmond,St Kilda,MCG
16/07/2005 19:10,Saturday,Melbourne,Sydney,Docklands
16/07/2005 19:40,Saturday,West Coast,Brisbane Lions,Subiaco
17/07/2005 13:10,Sunday,Adelaide,Western Bulldogs,Footy Park
17/07/2005 14:10,Sunday,Carlton,Fremantle,MCG
17/07/2005 14:10,Sunday,Hawthorn,North Melbourne,Docklands
22/07/2005 19:40,Friday,St Kilda,Collingwood,Docklands
23/07/2005 14:10,Saturday,Hawthorn,Carlton,MCG
23/07/2005 14:10,Saturday,Western Bulldogs,Geelong,Docklands
23/07/2005 19:10,Saturday,Brisbane Lions,Essendon,Gabba
23/07/2005 19:40,Saturday,Port Adelaide,Richmond,Footy Park
24/07/2005 13:10,Sunday,Sydney,West Coast,SCG
24/07/2005 14:10,Sunday,North Melbourne,Adelaide,Docklands
24/07/2005 16:40,Sunday,Fremantle,Melbourne,Subiaco
29/07/2005 19:40,Friday,Essendon,Geelong,Docklands
30/07/2005 14:10,Saturday,Melbourne,St Kilda,MCG
30/07/2005 16:10,Saturday,West Coast,Hawthorn,Subiaco
30/07/2005 19:10,Saturday,Western Bulldogs,Brisbane Lions,Docklands
30/07/2005 19:40,Saturday,Adelaide,Sydney,Footy Park
31/07/2005 13:10,Sunday,North Melbourne,Port Adelaide,Manuka
31/07/2005 14:10,Sunday,Carlton,Richmond,Docklands
31/07/2005 14:10,Sunday,Collingwood,Fremantle,MCG
5/08/2005 19:40,Friday,St Kilda,Geelong,Docklands
6/08/2005 14:10,Saturday,Western Bulldogs,West Coast,MCG
6/08/2005 14:40,Saturday,Adelaide,Melbourne,Footy Park
6/08/2005 19:10,Saturday,Essendon,Sydney,Docklands
6/08/2005 19:40,Saturday,Fremantle,Richmond,Subiaco
7/08/2005 13:10,Sunday,Brisbane Lions,Hawthorn,Gabba
7/08/2005 14:10,Sunday,Carlton,Port Adelaide,MCG
7/08/2005 14:10,Sunday,Collingwood,North Melbourne,Docklands
12/08/2005 20:40,Friday,West Coast,Fremantle,Subiaco
13/08/2005 14:10,Saturday,North Melbourne,St Kilda,Docklands
13/08/2005 14:10,Saturday,Geelong,Melbourne,Kardinia
13/08/2005 19:10,Saturday,Collingwood,Carlton,MCG
13/08/2005 19:40,Saturday,Port Adelaide,Adelaide,Footy Park
14/08/2005 13:10,Sunday,Sydney,Brisbane Lions,Stadium Australia
14/08/2005 14:10,Sunday,Hawthorn,Essendon,MCG
14/08/2005 14:10,Sunday,Richmond,Western Bulldogs,Docklands
19/08/2005 20:40,Friday,Fremantle,St Kilda,Subiaco
20/08/2005 14:10,Saturday,Geelong,West Coast,Kardinia
20/08/2005 14:40,Saturday,Adelaide,Collingwood,Footy Park
20/08/2005 19:10,Saturday,Brisbane Lions,Port Adelaide,Gabba
20/08/2005 19:10,Saturday,Melbourne,Western Bulldogs,MCG
21/08/2005 13:10,Sunday,Sydney,North Melbourne,SCG
21/08/2005 14:10,Sunday,Essendon,Carlton,MCG
21/08/2005 14:10,Sunday,Richmond,Hawthorn,Docklands
26/08/2005 19:40,Friday,Western Bulldogs,Collingwood,Docklands
27/08/2005 14:10,Saturday,Hawthorn,Sydney,MCG
27/08/2005 16:10,Saturday,West Coast,Adelaide,Subiaco
27/08/2005 19:10,Saturday,St Kilda,Brisbane Lions,Docklands
27/08/2005 19:40,Saturday,Port Adelaide,Fremantle,Footy Park
28/08/2005 13:10,Sunday,Geelong,Richmond,Kardinia
28/08/2005 14:10,Sunday,Essendon,Melbourne,MCG
28/08/2005 16:40,Sunday,Carlton,North Melbourne,Docklands
2/09/2005 20:30,Friday,West Coast,Sydney,Subiaco
3/09/2005 14:30,Saturday,Geelong,Melbourne,MCG
3/09/2005 19:30,Saturday,Adelaide,St Kilda,Footy Park
4/09/2005 14:30,Sunday,North Melbourne,Port Adelaide,Docklands
9/09/2005 20:00,Friday,Sydney,Geelong,SCG
10/09/2005 19:30,Saturday,Adelaide,Port Adelaide,Footy Park
16/09/2005 20:00,Friday,St Kilda,Sydney,MCG
17/09/2005 15:00,Saturday,West Coast,Adelaide,Subiaco
24/09/2005 14:35,Saturday,Sydney,West Coast,MCG
30/03/2006 20:40,Thursday,West Coast,St Kilda,Subiaco
31/03/2006 19:40,Friday,Western Bulldogs,Richmond,Docklands
1/04/2006 14:10,Saturday,Geelong,Brisbane Lions,Kardinia
1/04/2006 19:10,Saturday,Essendon,Sydney,Docklands
1/04/2006 19:40,Saturday,Port Adelaide,North Melbourne,Footy Park
2/04/2006 13:10,Sunday,Hawthorn,Fremantle,Launceston
2/04/2006 17:10,Sunday,Melbourne,Carlton,Docklands
3/04/2006 19:10,Monday,Collingwood,Adelaide,Docklands
7/04/2006 19:40,Friday,Richmond,St Kilda,Docklands
8/04/2006 14:10,Saturday,Geelong,North Melbourne,Kardinia
8/04/2006 14:10,Saturday,Western Bulldogs,Melbourne,Docklands
8/04/2006 19:10,Saturday,Brisbane Lions,Essendon,Gabba
8/04/2006 19:40,Saturday,Fremantle,Carlton,Subiaco
9/04/2006 13:10,Sunday,Sydney,Port Adelaide,SCG
9/04/2006 14:10,Sunday,Hawthorn,Collingwood,Docklands
9/04/2006 15:10,Sunday,Adelaide,West Coast,Footy Park
13/04/2006 19:40,Thursday,St Kilda,Brisbane Lions,Docklands
15/04/2006 14:10,Saturday,Geelong,Hawthorn,Kardinia
15/04/2006 19:10,Saturday,Carlton,Sydney,Docklands
15/04/2006 19:40,Saturday,West Coast,Richmond,Subiaco
16/04/2006 13:10,Sunday,Melbourne,Adelaide,Carrara
16/04/2006 14:10,Sunday,Essendon,Western Bulldogs,Docklands
16/04/2006 16:40,Sunday,Port Adelaide,Fremantle,Footy Park
17/04/2006 14:10,Monday,North Melbourne,Collingwood,Docklands
21/04/2006 19:40,Friday,Carlton,Hawthorn,Docklands
22/04/2006 13:10,Saturday,Brisbane Lions,Richmond,Gabba
22/04/2006 14:10,Saturday,Western Bulldogs,Geelong,Docklands
22/04/2006 19:40,Saturday,Fremantle,Adelaide,Subiaco
23/04/2006 13:10,Sunday,North Melbourne,West Coast,Manuka
23/04/2006 13:10,Sunday,Sydney,Melbourne,SCG
24/04/2006 19:40,Monday,Port Adelaide,St Kilda,Footy Park
25/04/2006 14:40,Tuesday,Collingwood,Essendon,MCG
28/04/2006 19:40,Friday,Richmond,Carlton,MCG
29/04/2006 14:10,Saturday,Melbourne,North Melbourne,MCG
29/04/2006 15:10,Saturday,Adelaide,Western Bulldogs,Footy Park
29/04/2006 19:10,Saturday,Sydney,Geelong,Homebush
29/04/2006 19:40,Saturday,West Coast,Brisbane Lions,Subiaco
30/04/2006 13:10,Sunday,St Kilda,Fremantle,Launceston
30/04/2006 14:10,Sunday,Collingwood,Port Adelaide,Docklands
30/04/2006 14:10,Sunday,Hawthorn,Essendon,MCG
5/05/2006 19:40,Friday,Melbourne,Geelong,MCG
6/05/2006 14:10,Saturday,St Kilda,Western Bulldogs,Docklands
6/05/2006 16:10,Saturday,Fremantle,West Coast,Subiaco
6/05/2006 19:40,Saturday,Essendon,Richmond,MCG
6/05/2006 19:40,Saturday,Adelaide,Port Adelaide,Footy Park
7/05/2006 13:10,Sunday,Brisbane Lions,Sydney,Gabba
7/05/2006 14:10,Sunday,Carlton,Collingwood,MCG
7/05/2006 14:10,Sunday,North Melbourne,Hawthorn,Docklands
12/05/2006 19:40,Friday,St Kilda,Geelong,Docklands
13/05/2006 14:10,Saturday,Melbourne,Fremantle,MCG
13/05/2006 14:10,Saturday,Richmond,Sydney,Docklands
13/05/2006 19:10,Saturday,Hawthorn,Brisbane Lions,Carrara
13/05/2006 19:40,Saturday,West Coast,Collingwood,Subiaco
14/05/2006 13:10,Sunday,Port Adelaide,Western Bulldogs,Footy Park
14/05/2006 14:10,Sunday,Carlton,Essendon,MCG
14/05/2006 15:10,Sunday,North Melbourne,Adelaide,Docklands
19/05/2006 19:40,Friday,Hawthorn,Melbourne,MCG
20/05/2006 14:10,Saturday,Richmond,Adelaide,Docklands
20/05/2006 16:10,Saturday,Fremantle,North Melbourne,Subiaco
20/05/2006 19:10,Saturday,Collingwood,Geelong,MCG
20/05/2006 19:10,Saturday,Western Bulldogs,Sydney,SCG
21/05/2006 13:10,Sunday,Port Adelaide,Brisbane Lions,Footy Park
21/05/2006 14:10,Sunday,Carlton,St Kilda,MCG
21/05/2006 14:10,Sunday,Essendon,West Coast,Docklands
26/05/2006 19:40,Friday,Collingwood,Western Bulldogs,MCG
27/05/2006 14:10,Saturday,Geelong,Richmond,Kardinia
27/05/2006 15:10,Saturday,Adelaide,Carlton,Footy Park
27/05/2006 19:10,Saturday,Essendon,Port Adelaide,Docklands
27/05/2006 19:10,Saturday,Hawthorn,Sydney,MCG
28/05/2006 13:10,Sunday,Brisbane Lions,Fremantle,Gabba
28/05/2006 14:10,Sunday,St Kilda,North Melbourne,Docklands
28/05/2006 16:40,Sunday,West Coast,Melbourne,Subiaco
2/06/2006 20:40,Friday,Adelaide,Essendon,Footy Park
3/06/2006 14:10,Saturday,Geelong,West Coast,Kardinia
3/06/2006 14:10,Saturday,Western Bulldogs,Hawthorn,Docklands
3/06/2006 19:10,Saturday,Collingwood,Brisbane Lions,MCG
3/06/2006 19:40,Saturday,Fremantle,Richmond,Subiaco
4/06/2006 13:10,Sunday,North Melbourne,Sydney,Manuka
4/06/2006 14:10,Sunday,Carlton,Port Adelaide,Docklands
4/06/2006 14:10,Sunday,Melbourne,St Kilda,MCG
9/06/2006 19:40,Friday,Geelong,Essendon,Docklands
10/06/2006 14:10,Saturday,Richmond,North Melbourne,MCG
10/06/2006 19:10,Saturday,Brisbane Lions,Adelaide,Gabba
10/06/2006 19:10,Saturday,Sydney,St Kilda,SCG
11/06/2006 13:10,Sunday,Port Adelaide,Hawthorn,Footy Park
11/06/2006 14:10,Sunday,Western Bulldogs,Fremantle,Docklands
11/06/2006 16:40,Sunday,West Coast,Carlton,Subiaco
12/06/2006 14:10,Monday,Melbourne,Collingwood,MCG
16/06/2006 19:40,Friday,St Kilda,Adelaide,Docklands
17/06/2006 16:10,Saturday,Fremantle,Geelong,Subiaco
17/06/2006 19:10,Saturday,Brisbane Lions,Western Bulldogs,Gabba
17/06/2006 19:40,Saturday,Port Adelaide,West Coast,Footy Park
18/06/2006 13:10,Sunday,Hawthorn,Richmond,Launceston
18/06/2006 14:10,Sunday,Essendon,Melbourne,Docklands
23/06/2006 19:40,Friday,North Melbourne,Carlton,Docklands
24/06/2006 19:10,Saturday,Sydney,Collingwood,Homebush
30/06/2006 19:40,Friday,North Melbourne,Essendon,Docklands
1/07/2006 14:10,Saturday,Melbourne,Port Adelaide,MCG
1/07/2006 14:10,Saturday,St Kilda,Hawthorn,Docklands
1/07/2006 19:10,Saturday,Brisbane Lions,Carlton,Gabba
1/07/2006 19:10,Saturday,Sydney,Fremantle,SCG
2/07/2006 13:10,Sunday,Adelaide,Geelong,Footy Park
2/07/2006 14:10,Sunday,Richmond,Collingwood,MCG
2/07/2006 16:40,Sunday,West Coast,Western Bulldogs,Subiaco
7/07/2006 20:40,Friday,Fremantle,Essendon,Subiaco
8/07/2006 14:10,Saturday,Carlton,Geelong,Docklands
8/07/2006 14:10,Saturday,Hawthorn,West Coast,MCG
8/07/2006 19:10,Saturday,Melbourne,Brisbane Lions,Gabba
8/07/2006 19:40,Saturday,Port Adelaide,Richmond,Footy Park
9/07/2006 13:10,Sunday,Sydney,Adelaide,SCG
9/07/2006 14:10,Sunday,St Kilda,Collingwood,Docklands
9/07/2006 14:10,Sunday,Western Bulldogs,North Melbourne,MCG
14/07/2006 19:40,Friday,Richmond,Melbourne,MCG
15/07/2006 14:10,Saturday,Essendon,St Kilda,MCG
15/07/2006 15:10,Saturday,Adelaide,Hawthorn,Footy Park
15/07/2006 19:10,Saturday,North Melbourne,Brisbane Lions,Docklands
15/07/2006 19:40,Saturday,West Coast,Sydney,Subiaco
16/07/2006 13:10,Sunday,Geelong,Port Adelaide,Kardinia
16/07/2006 14:10,Sunday,Carlton,Western Bulldogs,Docklands
16/07/2006 14:10,Sunday,Collingwood,Fremantle,MCG
21/07/2006 20:40,Friday,Adelaide,North Melbourne,Footy Park
22/07/2006 14:10,Saturday,Collingwood,West Coast,Docklands
22/07/2006 14:10,Saturday,Essendon,Carlton,MCG
22/07/2006 19:10,Saturday,Brisbane Lions,Hawthorn,Gabba
22/07/2006 19:10,Saturday,Sydney,Richmond,SCG
23/07/2006 13:10,Sunday,St Kilda,Port Adelaide,Launceston
23/07/2006 14:10,Sunday,Geelong,Western Bulldogs,Docklands
23/07/2006 16:40,Sunday,Fremantle,Melbourne,Subiaco
28/07/2006 19:40,Friday,Collingwood,Hawthorn,MCG
29/07/2006 14:10,Saturday,St Kilda,Richmond,MCG
29/07/2006 16:10,Saturday,West Coast,Adelaide,Subiaco
29/07/2006 19:10,Saturday,Essendon,Brisbane Lions,Docklands
29/07/2006 19:40,Saturday,Port Adelaide,Sydney,Footy Park
30/07/2006 13:10,Sunday,North Melbourne,Geelong,Manuka
30/07/2006 14:10,Sunday,Carlton,Fremantle,Docklands
30/07/2006 14:10,Sunday,Melbourne,Western Bulldogs,MCG
4/08/2006 19:40,Friday,St Kilda,West Coast,Docklands
5/08/2006 14:10,Saturday,Carlton,Melbourne,Docklands
5/08/2006 14:10,Saturday,Richmond,Western Bulldogs,MCG
5/08/2006 19:10,Saturday,Sydney,Essendon,SCG
5/08/2006 19:40,Saturday,Adelaide,Collingwood,Footy Park
6/08/2006 13:10,Sunday,Brisbane Lions,Geelong,Gabba
6/08/2006 14:10,Sunday,North Melbourne,Port Adelaide,Docklands
6/08/2006 16:40,Sunday,Fremantle,Hawthorn,Subiaco
11/08/2006 19:40,Friday,Essendon,Collingwood,MCG
12/08/2006 14:10,Saturday,Melbourne,Sydney,MCG
12/08/2006 16:10,Saturday,West Coast,North Melbourne,Subiaco
12/08/2006 19:10,Saturday,Richmond,Brisbane Lions,Docklands
12/08/2006 19:40,Saturday,Western Bulldogs,Port Adelaide,Marrara
13/08/2006 13:10,Sunday,Adelaide,Fremantle,Footy Park
13/08/2006 14:10,Sunday,Geelong,St Kilda,Docklands
13/08/2006 14:10,Sunday,Hawthorn,Carlton,MCG
18/08/2006 20:40,Friday,Port Adelaide,Collingwood,Footy Park
19/08/2006 14:10,Saturday,Geelong,Sydney,Kardinia
19/08/2006 14:10,Saturday,Western Bulldogs,Adelaide,MCG
19/08/2006 19:10,Saturday,Essendon,Hawthorn,Docklands
19/08/2006 19:40,Saturday,Fremantle,St Kilda,Subiaco
20/08/2006 13:10,Sunday,Brisbane Lions,West Coast,Gabba
20/08/2006 14:10,Sunday,Carlton,Richmond,Docklands
20/08/2006 14:10,Sunday,North Melbourne,Melbourne,MCG
25/08/2006 19:40,Friday,Western Bulldogs,St Kilda,Docklands
26/08/2006 14:10,Saturday,Geelong,Melbourne,Kardinia
26/08/2006 14:10,Saturday,Hawthorn,North Melbourne,Launceston
26/08/2006 19:10,Saturday,Richmond,Essendon,MCG
26/08/2006 19:10,Saturday,Sydney,Brisbane Lions,Homebush
27/08/2006 13:10,Sunday,Port Adelaide,Adelaide,Footy Park
27/08/2006 14:10,Sunday,Collingwood,Carlton,MCG
27/08/2006 16:40,Sunday,West Coast,Fremantle,Subiaco
1/09/2006 19:40,Friday,Western Bulldogs,Essendon,Docklands
2/09/2006 14:10,Saturday,Richmond,West Coast,MCG
2/09/2006 15:10,Saturday,Adelaide,Melbourne,Footy Park
2/09/2006 19:10,Saturday,Brisbane Lions,St Kilda,Gabba
2/09/2006 19:40,Saturday,Fremantle,Port Adelaide,Subiaco
3/09/2006 13:10,Sunday,Sydney,Carlton,SCG
3/09/2006 14:10,Sunday,Collingwood,North Melbourne,MCG
3/09/2006 14:10,Sunday,Hawthorn,Geelong,Docklands
8/09/2006 19:30,Friday,St Kilda,Melbourne,MCG
9/09/2006 15:00,Saturday,Adelaide,Fremantle,Footy Park
9/09/2006 19:30,Saturday,West Coast,Sydney,Subiaco
10/09/2006 14:30,Sunday,Collingwood,Western Bulldogs,MCG
15/09/2006 20:30,Friday,Fremantle,Melbourne,Subiaco
16/09/2006 19:30,Saturday,West Coast,Western Bulldogs,Subiaco
22/09/2006 20:00,Friday,Sydney,Fremantle,Homebush
23/09/2006 15:30,Saturday,Adelaide,West Coast,Footy Park
30/09/2006 14:30,Saturday,Sydney,West Coast,MCG
23/02/2007 19:40,Friday,Port Adelaide,Adelaide,Footy Park
23/02/2007 20:40,Friday,North Melbourne,Collingwood,Carrara
24/02/2007 15:40,Saturday,Western Bulldogs,Sydney,Manuka
24/02/2007 18:10,Saturday,Carlton,Essendon,Docklands
24/02/2007 20:40,Saturday,St Kilda,Brisbane Lions,Cazaly
25/02/2007 15:40,Sunday,Geelong,Richmond,Kardinia
25/02/2007 18:10,Sunday,Melbourne,Hawthorn,Docklands
25/02/2007 21:40,Sunday,Fremantle,West Coast,Subiaco
2/03/2007 20:40,Friday,Brisbane Lions,Western Bulldogs,Docklands
3/03/2007 18:10,Saturday,Hawthorn,Carlton,Launceston
3/03/2007 20:40,Saturday,Geelong,Port Adelaide,Marrara
4/03/2007 15:40,Sunday,North Melbourne,Fremantle,Docklands
9/03/2007 19:40,Friday,Brisbane Lions,Geelong,Docklands
10/03/2007 19:10,Saturday,Carlton,North Melbourne,Carrara
17/03/2007 19:20,Saturday,Brisbane Lions,Carlton,Docklands
30/03/2007 19:40,Friday,Melbourne,St Kilda,MCG
31/03/2007 14:10,Saturday,North Melbourne,Collingwood,MCG
31/03/2007 16:10,Saturday,Fremantle,Port Adelaide,Subiaco
31/03/2007 19:10,Saturday,Sydney,West Coast,Homebush
31/03/2007 19:10,Saturday,Brisbane Lions,Hawthorn,Gabba
1/04/2007 13:10,Sunday,Adelaide,Essendon,Footy Park
1/04/2007 14:10,Sunday,Western Bulldogs,Geelong,Docklands
1/04/2007 17:10,Sunday,Carlton,Richmond,MCG
5/04/2007 19:40,Thursday,Brisbane Lions,St Kilda,Gabba
7/04/2007 14:10,Saturday,Richmond,Sydney,MCG
7/04/2007 19:15,Saturday,Geelong,Carlton,Docklands
7/04/2007 19:40,Saturday,West Coast,Collingwood,Subiaco
8/04/2007 13:10,Sunday,Port Adelaide,North Melbourne,Footy Park
8/04/2007 14:10,Sunday,Essendon,Fremantle,Docklands
8/04/2007 17:10,Sunday,Western Bulldogs,Adelaide,MCG
9/04/2007 14:10,Monday,Hawthorn,Melbourne,MCG
13/04/2007 19:40,Friday,Collingwood,Richmond,MCG
14/04/2007 14:10,Saturday,Carlton,Essendon,MCG
14/04/2007 15:10,Saturday,Port Adelaide,Adelaide,Footy Park
14/04/2007 19:10,Saturday,St Kilda,Western Bulldogs,Docklands
14/04/2007 19:40,Saturday,Fremantle,West Coast,Subiaco
15/04/2007 13:10,Sunday,Sydney,Brisbane Lions,SCG
15/04/2007 14:10,Sunday,Melbourne,Geelong,MCG
15/04/2007 17:10,Sunday,North Melbourne,Hawthorn,Docklands
20/04/2007 19:40,Friday,Richmond,Western Bulldogs,MCG
21/04/2007 14:10,Saturday,St Kilda,Essendon,Docklands
21/04/2007 14:10,Saturday,Collingwood,Port Adelaide,MCG
21/04/2007 19:10,Saturday,North Melbourne,Brisbane Lions,Carrara
21/04/2007 19:40,Saturday,Adelaide,Sydney,Footy Park
22/04/2007 13:10,Sunday,Hawthorn,Geelong,Launceston
22/04/2007 14:10,Sunday,Melbourne,Fremantle,MCG
22/04/2007 16:40,Sunday,West Coast,Carlton,Subiaco
25/04/2007 14:40,Wednesday,Essendon,Collingwood,MCG
27/04/2007 19:40,Friday,Port Adelaide,St Kilda,Footy Park
28/04/2007 14:10,Saturday,Richmond,West Coast,MCG
28/04/2007 19:10,Saturday,Sydney,Melbourne,SCG
28/04/2007 19:10,Saturday,Carlton,Brisbane Lions,Docklands
29/04/2007 13:10,Sunday,Hawthorn,Western Bulldogs,MCG
29/04/2007 14:10,Sunday,Geelong,North Melbourne,Kardinia
29/04/2007 16:40,Sunday,Fremantle,Adelaide,Subiaco
4/05/2007 19:40,Friday,St Kilda,Carlton,Docklands
5/05/2007 14:10,Saturday,Essendon,Hawthorn,MCG
5/05/2007 16:10,Saturday,West Coast,Western Bulldogs,Subiaco
5/05/2007 19:10,Saturday,North Melbourne,Sydney,Docklands
5/05/2007 19:40,Saturday,Adelaide,Collingwood,Footy Park
6/05/2007 13:10,Sunday,Brisbane Lions,Fremantle,Gabba
6/05/2007 14:10,Sunday,Melbourne,Port Adelaide,MCG
6/05/2007 17:10,Sunday,Richmond,Geelong,Docklands
11/05/2007 19:40,Friday,North Melbourne,Essendon,Docklands
12/05/2007 14:10,Saturday,Collingwood,Carlton,MCG
12/05/2007 15:10,Saturday,Port Adelaide,Richmond,Footy Park
12/05/2007 19:10,Saturday,Brisbane Lions,Adelaide,Gabba
12/05/2007 19:10,Saturday,St Kilda,Sydney,Docklands
13/05/2007 13:10,Sunday,Geelong,West Coast,Kardinia
13/05/2007 14:10,Sunday,Western Bulldogs,Melbourne,Docklands
13/05/2007 16:40,Sunday,Fremantle,Hawthorn,Subiaco
18/05/2007 19:40,Friday,Adelaide,Richmond,Footy Park
19/05/2007 14:10,Saturday,Geelong,Fremantle,Kardinia
19/05/2007 14:10,Saturday,Essendon,Brisbane Lions,Docklands
19/05/2007 19:10,Saturday,Hawthorn,St Kilda,MCG
19/05/2007 19:10,Saturday,North Melbourne,Carlton,Carrara
20/05/2007 13:10,Sunday,Sydney,Port Adelaide,SCG
20/05/2007 14:10,Sunday,Western Bulldogs,Collingwood,Docklands
20/05/2007 16:40,Sunday,West Coast,Melbourne,Subiaco
25/05/2007 20:40,Friday,Fremantle,St Kilda,Subiaco
26/05/2007 14:10,Saturday,Hawthorn,West Coast,Launceston
26/05/2007 14:10,Saturday,Carlton,Adelaide,Docklands
26/05/2007 19:10,Saturday,Brisbane Lions,Collingwood,Gabba
26/05/2007 19:10,Saturday,Richmond,Essendon,MCG
27/05/2007 13:10,Sunday,Western Bulldogs,Sydney,Manuka
27/05/2007 14:10,Sunday,Melbourne,North Melbourne,MCG
27/05/2007 16:40,Sunday,Port Adelaide,Geelong,Footy Park
1/06/2007 19:40,Friday,Collingwood,Fremantle,MCG
2/06/2007 14:10,Saturday,Melbourne,Adelaide,MCG
2/06/2007 16:10,Saturday,West Coast,North Melbourne,Subiaco
2/06/2007 19:10,Saturday,Sydney,Essendon,SCG
2/06/2007 19:10,Saturday,Richmond,Brisbane Lions,Docklands
3/06/2007 13:10,Sunday,Port Adelaide,Hawthorn,Footy Park
3/06/2007 14:10,Sunday,Carlton,Western Bulldogs,MCG
3/06/2007 17:10,Sunday,St Kilda,Geelong,Docklands
8/06/2007 19:40,Friday,Essendon,West Coast,Docklands
9/06/2007 14:10,Saturday,Hawthorn,Sydney,MCG
9/06/2007 19:10,Saturday,Carlton,Port Adelaide,Docklands
9/06/2007 19:10,Saturday,Brisbane Lions,Western Bulldogs,Gabba
10/06/2007 13:10,Sunday,Adelaide,Geelong,Footy Park
10/06/2007 14:10,Sunday,St Kilda,North Melbourne,Docklands
10/06/2007 16:40,Sunday,Fremantle,Richmond,Subiaco
11/06/2007 14:10,Monday,Melbourne,Collingwood,MCG
15/06/2007 19:40,Friday,Carlton,Hawthorn,Docklands
16/06/2007 19:10,Saturday,North Melbourne,Adelaide,Carrara
16/06/2007 19:40,Saturday,Western Bulldogs,Fremantle,Marrara
17/06/2007 13:10,Sunday,Geelong,Brisbane Lions,Kardinia
17/06/2007 16:40,Sunday,Port Adelaide,Essendon,Footy Park
22/06/2007 19:40,Friday,Richmond,Melbourne,MCG
23/06/2007 19:10,Saturday,Sydney,Collingwood,Homebush
24/06/2007 16:40,Sunday,West Coast,St Kilda,Subiaco
29/06/2007 19:40,Friday,Essendon,Melbourne,Docklands
30/06/2007 14:10,Saturday,Geelong,Sydney,Kardinia
30/06/2007 16:10,Saturday,Fremantle,Carlton,Subiaco
30/06/2007 19:10,Saturday,Brisbane Lions,Port Adelaide,Gabba
30/06/2007 19:10,Saturday,St Kilda,Richmond,Docklands
1/07/2007 13:10,Sunday,Adelaide,West Coast,Footy Park
1/07/2007 14:10,Sunday,North Melbourne,Western Bulldogs,MCG
1/07/2007 17:10,Sunday,Collingwood,Hawthorn,Docklands
6/07/2007 19:40,Friday,Essendon,Geelong,Docklands
7/07/2007 14:10,Saturday,Collingwood,St Kilda,MCG
7/07/2007 14:10,Saturday,Western Bulldogs,Port Adelaide,Docklands
7/07/2007 19:40,Saturday,Adelaide,Hawthorn,Footy Park
7/07/2007 19:40,Saturday,West Coast,Brisbane Lions,Subiaco
8/07/2007 13:10,Sunday,Sydney,Fremantle,SCG
8/07/2007 14:10,Sunday,Carlton,Melbourne,MCG
8/07/2007 17:10,Sunday,Richmond,North Melbourne,Docklands
13/07/2007 19:40,Friday,St Kilda,Adelaide,Docklands
14/07/2007 14:10,Saturday,Geelong,Collingwood,MCG
14/07/2007 15:10,Saturday,Port Adelaide,West Coast,Footy Park
14/07/2007 19:10,Saturday,Essendon,Western Bulldogs,Docklands
14/07/2007 19:10,Saturday,Melbourne,Brisbane Lions,Gabba
15/07/2007 13:10,Sunday,Sydney,Carlton,SCG
15/07/2007 14:10,Sunday,Hawthorn,Richmond,MCG
15/07/2007 16:40,Sunday,Fremantle,North Melbourne,Subiaco
20/07/2007 19:40,Friday,Geelong,Western Bulldogs,Docklands
21/07/2007 14:10,Saturday,Collingwood,Essendon,MCG
21/07/2007 15:10,Saturday,Adelaide,Fremantle,Footy Park
21/07/2007 19:10,Saturday,St Kilda,Hawthorn,Docklands
21/07/2007 19:40,Saturday,West Coast,Sydney,Subiaco
22/07/2007 13:10,Sunday,Brisbane Lions,Carlton,Gabba
22/07/2007 14:10,Sunday,Richmond,Port Adelaide,MCG
22/07/2007 17:10,Sunday,North Melbourne,Melbourne,Docklands
27/07/2007 19:40,Friday,Western Bulldogs,West Coast,Docklands
28/07/2007 14:10,Saturday,Carlton,St Kilda,Docklands
28/07/2007 16:10,Saturday,Fremantle,Geelong,Subiaco
28/07/2007 19:10,Saturday,Collingwood,Brisbane Lions,MCG
28/07/2007 19:10,Saturday,Sydney,Richmond,SCG
29/07/2007 13:10,Sunday,Hawthorn,North Melbourne,Launceston
29/07/2007 14:10,Sunday,Essendon,Adelaide,Docklands
29/07/2007 16:40,Sunday,Port Adelaide,Melbourne,Footy Park
3/08/2007 19:40,Friday,Western Bulldogs,St Kilda,Docklands
4/08/2007 14:10,Saturday,Carlton,Collingwood,MCG
4/08/2007 14:10,Saturday,Geelong,Richmond,Kardinia
4/08/2007 19:10,Saturday,Brisbane Lions,North Melbourne,Gabba
4/08/2007 19:40,Saturday,Adelaide,Port Adelaide,Footy Park
5/08/2007 13:10,Sunday,Melbourne,Sydney,Manuka
5/08/2007 14:10,Sunday,Hawthorn,Essendon,MCG
5/08/2007 16:40,Sunday,West Coast,Fremantle,Subiaco
10/08/2007 19:40,Friday,Richmond,Collingwood,MCG
11/08/2007 14:10,Saturday,Hawthorn,Brisbane Lions,MCG
11/08/2007 15:10,Saturday,Port Adelaide,Carlton,Footy Park
11/08/2007 19:10,Saturday,Melbourne,Western Bulldogs,Docklands
11/08/2007 19:40,Saturday,Sydney,St Kilda,Homebush
12/08/2007 13:10,Sunday,North Melbourne,West Coast,Docklands
12/08/2007 14:10,Sunday,Geelong,Adelaide,Kardinia
12/08/2007 16:40,Sunday,Fremantle,Essendon,Subiaco
17/08/2007 19:40,Friday,Collingwood,Melbourne,MCG
18/08/2007 14:10,Saturday,St Kilda,Fremantle,Docklands
18/08/2007 14:10,Saturday,Essendon,Carlton,MCG
18/08/2007 19:10,Saturday,Brisbane Lions,Sydney,Gabba
18/08/2007 19:40,Saturday,West Coast,Richmond,Subiaco
19/08/2007 13:10,Sunday,Hawthorn,Port Adelaide,Launceston
19/08/2007 14:10,Sunday,North Melbourne,Geelong,Docklands
19/08/2007 16:40,Sunday,Adelaide,Western Bulldogs,Footy Park
24/08/2007 19:40,Friday,St Kilda,West Coast,Docklands
25/08/2007 14:10,Saturday,Carlton,North Melbourne,Docklands
25/08/2007 16:10,Saturday,Fremantle,Melbourne,Subiaco
25/08/2007 19:10,Saturday,Collingwood,Sydney,MCG
25/08/2007 19:40,Saturday,Adelaide,Brisbane Lions,Footy Park
26/08/2007 13:10,Sunday,Western Bulldogs,Hawthorn,Docklands
26/08/2007 14:10,Sunday,Geelong,Port Adelaide,Kardinia
26/08/2007 17:10,Sunday,Essendon,Richmond,MCG
31/08/2007 19:40,Friday,Collingwood,Adelaide,Docklands
1/09/2007 14:10,Saturday,Richmond,St Kilda,MCG
1/09/2007 16:10,Saturday,West Coast,Essendon,Subiaco
1/09/2007 19:10,Saturday,Brisbane Lions,Geelong,Gabba
1/09/2007 19:40,Saturday,Port Adelaide,Fremantle,Footy Park
2/09/2007 13:10,Sunday,Sydney,Hawthorn,SCG
2/09/2007 14:10,Sunday,Western Bulldogs,North Melbourne,Docklands
2/09/2007 17:10,Sunday,Melbourne,Carlton,MCG
7/09/2007 20:20,Friday,Port Adelaide,West Coast,Footy Park
8/09/2007 14:30,Saturday,Hawthorn,Adelaide,Docklands
8/09/2007 19:30,Saturday,Collingwood,Sydney,MCG
9/09/2007 14:45,Sunday,Geelong,North Melbourne,MCG
14/09/2007 20:45,Friday,West Coast,Collingwood,Subiaco
15/09/2007 19:30,Saturday,North Melbourne,Hawthorn,MCG
21/09/2007 19:50,Friday,Geelong,Collingwood,MCG
22/09/2007 16:30,Saturday,Port Adelaide,North Melbourne,Footy Park
29/09/2007 14:30,Saturday,Geelong,Port Adelaide,MCG
9/02/2008 20:45,Saturday,Collingwood,Adelaide,Dubai
15/02/2008 19:40,Friday,St Kilda,Richmond,Docklands
15/02/2008 21:10,Friday,Western Bulldogs,North Melbourne,Marrara
16/02/2008 16:40,Saturday,Geelong,Melbourne,Kardinia
16/02/2008 18:10,Saturday,Port Adelaide,Carlton,Footy Park
16/02/2008 20:40,Saturday,Essendon,Brisbane Lions,Gold Coast
17/02/2008 15:40,Sunday,Hawthorn,Sydney,Launceston
17/02/2008 20:40,Sunday,Fremantle,West Coast,Subiaco
22/02/2008 19:40,Friday,Western Bulldogs,Essendon,Docklands
23/02/2008 15:40,Saturday,St Kilda,Geelong,Manuka
23/02/2008 19:10,Saturday,Carlton,Hawthorn,Docklands
24/02/2008 17:10,Sunday,Adelaide,Fremantle,Footy Park
29/02/2008 19:40,Friday,Essendon,St Kilda,Docklands
1/03/2008 18:40,Saturday,Adelaide,Hawthorn,Footy Park
8/03/2008 19:20,Saturday,Adelaide,St Kilda,Footy Park
20/03/2008 18:10,Thursday,Carlton,Richmond,MCG
20/03/2008 20:45,Thursday,Port Adelaide,Geelong,Footy Park
22/03/2008 14:10,Saturday,Collingwood,Fremantle,MCG
22/03/2008 19:10,Saturday,St Kilda,Sydney,Docklands
22/03/2008 19:40,Saturday,West Coast,Brisbane Lions,Subiaco
23/03/2008 13:10,Sunday,Western Bulldogs,Adelaide,Docklands
23/03/2008 16:40,Sunday,Hawthorn,Melbourne,MCG
24/03/2008 14:10,Monday,North Melbourne,Essendon,Docklands
28/03/2008 20:40,Friday,Brisbane Lions,Collingwood,Gabba
29/03/2008 14:10,Saturday,Melbourne,Western Bulldogs,MCG
29/03/2008 15:10,Saturday,Adelaide,West Coast,Footy Park
29/03/2008 19:10,Saturday,St Kilda,Carlton,Docklands
29/03/2008 19:40,Saturday,Fremantle,Hawthorn,Subiaco
30/03/2008 13:10,Sunday,Sydney,Port Adelaide,SCG
30/03/2008 14:10,Sunday,Geelong,Essendon,Docklands
30/03/2008 16:40,Sunday,Richmond,North Melbourne,MCG
4/04/2008 19:40,Friday,Western Bulldogs,St Kilda,Docklands
5/04/2008 14:10,Saturday,North Melbourne,Hawthorn,Docklands
5/04/2008 17:10,Saturday,West Coast,Fremantle,Subiaco
5/04/2008 19:10,Saturday,Essendon,Carlton,MCG
5/04/2008 20:10,Saturday,Brisbane Lions,Sydney,Gabba
6/04/2008 13:10,Sunday,Geelong,Melbourne,Kardinia
6/04/2008 14:10,Sunday,Richmond,Collingwood,MCG
6/04/2008 16:40,Sunday,Adelaide,Port Adelaide,Footy Park
11/04/2008 19:40,Friday,Essendon,Western Bulldogs,Docklands
12/04/2008 14:10,Saturday,North Melbourne,Melbourne,MCG
12/04/2008 14:10,Saturday,St Kilda,Geelong,Docklands
12/04/2008 19:10,Saturday,Sydney,West Coast,Homebush
12/04/2008 19:40,Saturday,Port Adelaide,Brisbane Lions,Footy Park
13/04/2008 13:10,Sunday,Hawthorn,Adelaide,Launceston
13/04/2008 14:10,Sunday,Carlton,Collingwood,MCG
13/04/2008 16:40,Sunday,Fremantle,Richmond,Subiaco
18/04/2008 19:40,Friday,St Kilda,Essendon,Docklands
19/04/2008 14:10,Saturday,Geelong,Sydney,Kardinia
19/04/2008 15:10,Saturday,Adelaide,Fremantle,Footy Park
19/04/2008 19:10,Saturday,Brisbane Lions,Hawthorn,Gabba
19/04/2008 19:10,Saturday,Collingwood,North Melbourne,MCG
20/04/2008 13:10,Sunday,Melbourne,Carlton,MCG
20/04/2008 14:10,Sunday,Western Bulldogs,Richmond,Docklands
20/04/2008 16:40,Sunday,West Coast,Port Adelaide,Subiaco
25/04/2008 14:40,Friday,Collingwood,Essendon,MCG
25/04/2008 20:40,Friday,Fremantle,Geelong,Subiaco
26/04/2008 14:10,Saturday,Carlton,Adelaide,MCG
26/04/2008 19:10,Saturday,Western Bulldogs,West Coast,Docklands
26/04/2008 19:40,Saturday,Port Adelaide,St Kilda,Footy Park
27/04/2008 13:10,Sunday,Brisbane Lions,Melbourne,Gabba
27/04/2008 14:10,Sunday,North Melbourne,Sydney,Docklands
27/04/2008 16:40,Sunday,Hawthorn,Richmond,MCG
2/05/2008 20:40,Friday,West Coast,Carlton,Subiaco
3/05/2008 14:10,Saturday,Geelong,Brisbane Lions,Kardinia
3/05/2008 14:10,Saturday,Hawthorn,Collingwood,MCG
3/05/2008 19:10,Saturday,Richmond,St Kilda,Docklands
3/05/2008 19:40,Saturday,Adelaide,North Melbourne,Footy Park
4/05/2008 13:10,Sunday,Sydney,Western Bulldogs,SCG
4/05/2008 14:10,Sunday,Melbourne,Fremantle,MCG
4/05/2008 16:40,Sunday,Essendon,Port Adelaide,Docklands
10/05/2008 19:30,Saturday,Victoria,Dream Team,MCG
16/05/2008 19:40,Friday,St Kilda,Collingwood,Docklands
17/05/2008 14:10,Saturday,Hawthorn,Port Adelaide,Launceston
17/05/2008 14:10,Saturday,Richmond,Geelong,MCG
17/05/2008 19:10,Saturday,Carlton,Brisbane Lions,Docklands
17/05/2008 19:10,Saturday,North Melbourne,West Coast,Gold Coast
18/05/2008 13:10,Sunday,Adelaide,Melbourne,Footy Park
18/05/2008 14:10,Sunday,Sydney,Essendon,Homebush
18/05/2008 16:40,Sunday,Fremantle,Western Bulldogs,Subiaco
23/05/2008 19:40,Friday,Collingwood,Geelong,MCG
24/05/2008 14:10,Saturday,Carlton,Fremantle,Docklands
24/05/2008 15:10,Saturday,Port Adelaide,Sydney,Footy Park
24/05/2008 19:40,Saturday,Essendon,Richmond,MCG
24/05/2008 19:40,Saturday,West Coast,Adelaide,Subiaco
25/05/2008 13:10,Sunday,Brisbane Lions,St Kilda,Gabba
25/05/2008 14:10,Sunday,Melbourne,Hawthorn,MCG
25/05/2008 16:40,Sunday,Western Bulldogs,North Melbourne,Docklands
30/05/2008 20:10,Friday,Adelaide,Essendon,Footy Park
31/05/2008 14:10,Saturday,Collingwood,West Coast,MCG
31/05/2008 14:10,Saturday,Hawthorn,Western Bulldogs,Launceston
31/05/2008 19:10,Saturday,Brisbane Lions,North Melbourne,Gabba
31/05/2008 19:10,Saturday,Geelong,Carlton,Docklands
1/06/2008 13:10,Sunday,Sydney,Richmond,SCG
1/06/2008 14:10,Sunday,St Kilda,Melbourne,Docklands
1/06/2008 16:40,Sunday,Fremantle,Port Adelaide,Subiaco
6/06/2008 19:40,Friday,North Melbourne,Geelong,Docklands
7/06/2008 14:10,Saturday,Richmond,Adelaide,MCG
7/06/2008 19:10,Saturday,Essendon,Hawthorn,Docklands
7/06/2008 19:40,Saturday,West Coast,Sydney,Subiaco
8/06/2008 13:10,Sunday,Brisbane Lions,Fremantle,Gabba
8/06/2008 14:10,Sunday,St Kilda,Western Bulldogs,Docklands
8/06/2008 16:40,Sunday,Port Adelaide,Carlton,Footy Park
9/06/2008 14:10,Monday,Melbourne,Collingwood,MCG
13/06/2008 19:40,Friday,Essendon,West Coast,Docklands
14/06/2008 14:10,Saturday,Western Bulldogs,Brisbane Lions,MCG
14/06/2008 16:10,Saturday,Fremantle,North Melbourne,Subiaco
14/06/2008 19:10,Saturday,Sydney,St Kilda,SCG
14/06/2008 19:40,Saturday,Adelaide,Hawthorn,Footy Park
15/06/2008 13:10,Sunday,Geelong,Port Adelaide,Kardinia
15/06/2008 14:10,Sunday,Collingwood,Carlton,MCG
15/06/2008 16:40,Sunday,Richmond,Melbourne,Docklands
20/06/2008 19:40,Friday,St Kilda,Fremantle,Docklands
21/06/2008 14:10,Saturday,Hawthorn,North Melbourne,MCG
21/06/2008 15:10,Saturday,Port Adelaide,Richmond,Footy Park
21/06/2008 19:10,Saturday,Brisbane Lions,Adelaide,Gabba
21/06/2008 19:40,Saturday,West Coast,Geelong,Subiaco
22/06/2008 13:10,Sunday,Melbourne,Sydney,Manuka
22/06/2008 14:10,Sunday,Carlton,Essendon,MCG
22/06/2008 16:40,Sunday,Collingwood,Western Bulldogs,Docklands
27/06/2008 19:40,Friday,Hawthorn,West Coast,MCG
28/06/2008 14:10,Saturday,Richmond,Carlton,MCG
28/06/2008 19:10,Saturday,North Melbourne,St Kilda,Gold Coast
28/06/2008 19:40,Saturday,Western Bulldogs,Port Adelaide,Marrara
29/06/2008 13:10,Sunday,Melbourne,Brisbane Lions,MCG
29/06/2008 16:40,Sunday,Fremantle,Essendon,Subiaco
4/07/2008 20:10,Friday,Adelaide,Geelong,Footy Park
5/07/2008 19:10,Saturday,Sydney,Collingwood,Homebush
11/07/2008 19:40,Friday,Carlton,St Kilda,MCG
12/07/2008 14:10,Saturday,Collingwood,Adelaide,MCG
12/07/2008 14:10,Saturday,Geelong,Fremantle,Kardinia
12/07/2008 19:10,Saturday,Essendon,Brisbane Lions,Docklands
12/07/2008 19:40,Saturday,Port Adelaide,North Melbourne,Footy Park
13/07/2008 13:10,Sunday,Hawthorn,Sydney,MCG
13/07/2008 14:10,Sunday,Western Bulldogs,Melbourne,Docklands
13/07/2008 16:40,Sunday,West Coast,Richmond,Subiaco
18/07/2008 19:40,Friday,North Melbourne,Collingwood,Docklands
19/07/2008 14:10,Saturday,Geelong,Western Bulldogs,Kardinia
19/07/2008 14:10,Saturday,Richmond,Essendon,MCG
19/07/2008 19:10,Saturday,Brisbane Lions,West Coast,Gabba
19/07/2008 19:10,Saturday,St Kilda,Hawthorn,Docklands
20/07/2008 13:10,Sunday,Carlton,Sydney,Docklands
20/07/2008 15:10,Sunday,Port Adelaide,Adelaide,Footy Park
20/07/2008 16:40,Sunday,Fremantle,Melbourne,Subiaco
25/07/2008 19:40,Friday,Hawthorn,Geelong,MCG
26/07/2008 14:10,Saturday,Essendon,Collingwood,MCG
26/07/2008 16:10,Saturday,West Coast,St Kilda,Subiaco
26/07/2008 19:10,Saturday,Richmond,Brisbane Lions,Docklands
26/07/2008 19:10,Saturday,Sydney,Adelaide,SCG
27/07/2008 13:10,Sunday,Port Adelaide,Fremantle,Footy Park
27/07/2008 14:10,Sunday,Melbourne,North Melbourne,MCG
27/07/2008 16:40,Sunday,Western Bulldogs,Carlton,Docklands
1/08/2008 19:40,Friday,Collingwood,Hawthorn,MCG
2/08/2008 14:10,Saturday,Essendon,Melbourne,MCG
2/08/2008 15:10,Saturday,Adelaide,Carlton,Footy Park
2/08/2008 19:10,Saturday,Geelong,Richmond,Docklands
2/08/2008 19:10,Saturday,North Melbourne,Brisbane Lions,Gold Coast
3/08/2008 13:10,Sunday,Western Bulldogs,Sydney,Manuka
3/08/2008 14:10,Sunday,St Kilda,Port Adelaide,Docklands
3/08/2008 16:40,Sunday,Fremantle,West Coast,Subiaco
8/08/2008 19:10,Friday,Melbourne,Geelong,MCG
9/08/2008 14:10,Saturday,Carlton,Port Adelaide,Docklands
9/08/2008 14:10,Saturday,Hawthorn,Brisbane Lions,Launceston
9/08/2008 19:10,Saturday,Collingwood,St Kilda,MCG
9/08/2008 19:10,Saturday,Sydney,Fremantle,SCG
10/08/2008 13:10,Sunday,North Melbourne,Western Bulldogs,Docklands
10/08/2008 15:10,Sunday,Adelaide,Richmond,Footy Park
10/08/2008 16:40,Sunday,West Coast,Essendon,Subiaco
15/08/2008 20:10,Friday,Port Adelaide,Collingwood,Footy Park
16/08/2008 14:10,Saturday,Essendon,Adelaide,Docklands
16/08/2008 14:10,Saturday,Melbourne,West Coast,MCG
16/08/2008 19:10,Saturday,Brisbane Lions,Western Bulldogs,Gabba
16/08/2008 19:10,Saturday,Sydney,Geelong,Homebush
17/08/2008 13:10,Sunday,Richmond,Hawthorn,MCG
17/08/2008 14:10,Sunday,Carlton,North Melbourne,Docklands
17/08/2008 16:40,Sunday,Fremantle,St Kilda,Subiaco
22/08/2008 19:40,Friday,Western Bulldogs,Essendon,Docklands
23/08/2008 14:10,Saturday,Richmond,Fremantle,MCG
23/08/2008 15:10,Saturday,Port Adelaide,Melbourne,Footy Park
23/08/2008 19:10,Saturday,Brisbane Lions,Carlton,Gabba
23/08/2008 19:10,Saturday,Collingwood,Sydney,Docklands
24/08/2008 13:10,Sunday,Geelong,North Melbourne,Kardinia
24/08/2008 14:10,Sunday,St Kilda,Adelaide,Docklands
24/08/2008 16:40,Sunday,West Coast,Hawthorn,Subiaco
29/08/2008 20:40,Friday,Fremantle,Collingwood,Subiaco
30/08/2008 13:10,Saturday,North Melbourne,Port Adelaide,MCG
30/08/2008 14:10,Saturday,Geelong,West Coast,Kardinia
30/08/2008 16:10,Saturday,Adelaide,Western Bulldogs,Footy Park
30/08/2008 19:10,Saturday,Carlton,Hawthorn,Docklands
30/08/2008 19:10,Saturday,Sydney,Brisbane Lions,SCG
31/08/2008 14:10,Sunday,Melbourne,Richmond,MCG
31/08/2008 16:40,Sunday,Essendon,St Kilda,Docklands
5/09/2008 19:50,Friday,Hawthorn,Western Bulldogs,MCG
6/09/2008 14:30,Saturday,Adelaide,Collingwood,Footy Park
6/09/2008 19:30,Saturday,Sydney,North Melbourne,Homebush
7/09/2008 14:40,Sunday,Geelong,St Kilda,MCG
12/09/2008 19:50,Friday,Western Bulldogs,Sydney,MCG
13/09/2008 19:30,Saturday,St Kilda,Collingwood,MCG
19/09/2008 19:40,Friday,Geelong,Western Bulldogs,MCG
20/09/2008 19:00,Saturday,Hawthorn,St Kilda,MCG
27/09/2008 14:30,Saturday,Geelong,Hawthorn,MCG
7/02/2009 20:45,Saturday,Collingwood,West Coast,Subiaco
13/02/2009 20:40,Friday,Western Bulldogs,Essendon,Docklands
14/02/2009 20:45,Saturday,Brisbane Lions,St Kilda,Gold Coast
15/02/2009 20:40,Sunday,Fremantle,Richmond,Subiaco
20/02/2009 19:40,Friday,Carlton,North Melbourne,Docklands
21/02/2009 16:10,Saturday,Hawthorn,Melbourne,Launceston
21/02/2009 19:10,Saturday,Geelong,Adelaide,Docklands
22/02/2009 15:40,Sunday,Sydney,Port Adelaide,Manuka
26/02/2009 19:10,Thursday,Collingwood,Richmond,Docklands
27/02/2009 19:40,Friday,Essendon,Brisbane Lions,Docklands
28/02/2009 15:40,Saturday,Port Adelaide,Geelong,Footy Park
1/03/2009 16:40,Sunday,Carlton,Hawthorn,Docklands
6/03/2009 19:40,Friday,Collingwood,Essendon,Docklands
7/03/2009 19:10,Saturday,Geelong,Carlton,Docklands
13/03/2009 19:45,Friday,Collingwood,Geelong,Docklands
26/03/2009 19:40,Thursday,Richmond,Carlton,MCG
27/03/2009 19:40,Friday,Hawthorn,Geelong,MCG
28/03/2009 14:10,Saturday,Collingwood,Adelaide,MCG
28/03/2009 19:10,Saturday,Brisbane Lions,West Coast,Gabba
28/03/2009 19:10,Saturday,St Kilda,Sydney,Docklands
29/03/2009 13:10,Sunday,Melbourne,North Melbourne,MCG
29/03/2009 15:10,Sunday,Port Adelaide,Essendon,Footy Park
29/03/2009 19:10,Sunday,Fremantle,Western Bulldogs,Subiaco
3/04/2009 20:10,Friday,Adelaide,St Kilda,Footy Park
4/04/2009 14:10,Saturday,Geelong,Richmond,Kardinia
4/04/2009 14:10,Saturday,Collingwood,Melbourne,MCG
4/04/2009 19:10,Saturday,Carlton,Brisbane Lions,Docklands
4/04/2009 19:10,Saturday,Sydney,Hawthorn,Homebush
5/04/2009 13:10,Sunday,Essendon,Fremantle,Docklands
5/04/2009 14:10,Sunday,Western Bulldogs,North Melbourne,MCG
5/04/2009 16:40,Sunday,West Coast,Port Adelaide,Subiaco
9/04/2009 19:40,Thursday,Geelong,Collingwood,MCG
11/04/2009 14:10,Saturday,St Kilda,West Coast,Docklands
11/04/2009 19:10,Saturday,Brisbane Lions,Sydney,Gabba
11/04/2009 19:10,Saturday,Carlton,Essendon,MCG
12/04/2009 13:10,Sunday,Port Adelaide,Melbourne,Footy Park
12/04/2009 14:10,Sunday,North Melbourne,Hawthorn,Docklands
12/04/2009 16:40,Sunday,Fremantle,Adelaide,Subiaco
13/04/2009 14:10,Monday,Western Bulldogs,Richmond,Docklands
17/04/2009 19:40,Friday,Brisbane Lions,Collingwood,Gabba
18/04/2009 14:10,Saturday,Sydney,Carlton,SCG
18/04/2009 14:10,Saturday,Hawthorn,Port Adelaide,MCG
18/04/2009 19:10,Saturday,St Kilda,Fremantle,Docklands
18/04/2009 19:40,Saturday,Adelaide,Geelong,Footy Park
19/04/2009 13:10,Sunday,North Melbourne,Essendon,Docklands
19/04/2009 14:10,Sunday,Richmond,Melbourne,MCG
19/04/2009 16:40,Sunday,West Coast,Western Bulldogs,Subiaco
24/04/2009 20:15,Friday,Port Adelaide,St Kilda,Footy Park
25/04/2009 14:20,Saturday,Essendon,Collingwood,MCG
25/04/2009 17:15,Saturday,Hawthorn,West Coast,Launceston
25/04/2009 19:15,Saturday,North Melbourne,Richmond,Docklands
25/04/2009 20:45,Saturday,Fremantle,Sydney,Subiaco
26/04/2009 13:15,Sunday,Geelong,Brisbane Lions,Kardinia
26/04/2009 14:15,Sunday,Western Bulldogs,Carlton,Docklands
26/04/2009 16:45,Sunday,Melbourne,Adelaide,MCG
1/05/2009 19:40,Friday,North Melbourne,Collingwood,Docklands
2/05/2009 14:10,Saturday,Hawthorn,Carlton,MCG
2/05/2009 16:10,Saturday,West Coast,Fremantle,Subiaco
2/05/2009 19:10,Saturday,Brisbane Lions,Essendon,Gabba
2/05/2009 19:40,Saturday,Port Adelaide,Adelaide,Footy Park
3/05/2009 13:10,Sunday,Sydney,Richmond,SCG
3/05/2009 14:10,Sunday,Melbourne,Geelong,MCG
3/05/2009 16:40,Sunday,Western Bulldogs,St Kilda,Docklands
8/05/2009 19:40,Friday,Essendon,Hawthorn,Docklands
9/05/2009 14:10,Saturday,Geelong,Sydney,Kardinia
9/05/2009 14:10,Saturday,Richmond,Brisbane Lions,MCG
9/05/2009 19:10,Saturday,North Melbourne,Port Adelaide,Docklands
9/05/2009 19:10,Saturday,Carlton,Fremantle,Gold Coast
10/05/2009 13:10,Sunday,Adelaide,Western Bulldogs,Footy Park
10/05/2009 16:40,Sunday,West Coast,Melbourne,Subiaco
11/05/2009 19:20,Monday,Collingwood,St Kilda,Docklands
15/05/2009 20:40,Friday,Fremantle,Hawthorn,Subiaco
16/05/2009 14:10,Saturday,Melbourne,Western Bulldogs,MCG
16/05/2009 14:10,Saturday,Geelong,North Melbourne,Kardinia
16/05/2009 19:10,Saturday,Brisbane Lions,Adelaide,Gabba
16/05/2009 19:10,Saturday,Sydney,West Coast,Homebush
17/05/2009 13:10,Sunday,Port Adelaide,Richmond,Footy Park
17/05/2009 14:10,Sunday,Collingwood,Carlton,MCG
17/05/2009 16:40,Sunday,St Kilda,Essendon,Docklands
22/05/2009 19:40,Friday,Geelong,Western Bulldogs,Docklands
23/05/2009 14:10,Saturday,North Melbourne,Fremantle,Docklands
23/05/2009 15:10,Saturday,Adelaide,Carlton,Footy Park
23/05/2009 19:40,Saturday,West Coast,Collingwood,Subiaco
23/05/2009 19:40,Saturday,Richmond,Essendon,MCG
24/05/2009 13:10,Sunday,Sydney,Port Adelaide,SCG
24/05/2009 14:10,Sunday,St Kilda,Brisbane Lions,Docklands
24/05/2009 16:40,Sunday,Hawthorn,Melbourne,MCG
29/05/2009 19:40,Friday,Carlton,West Coast,Docklands
30/05/2009 14:10,Saturday,Western Bulldogs,Sydney,Manuka
30/05/2009 14:10,Saturday,North Melbourne,Brisbane Lions,Docklands
30/05/2009 19:10,Saturday,St Kilda,Melbourne,Gold Coast
30/05/2009 19:40,Saturday,Fremantle,Richmond,Subiaco
31/05/2009 13:10,Sunday,Adelaide,Hawthorn,Footy Park
31/05/2009 14:10,Sunday,Essendon,Geelong,Docklands
31/05/2009 16:40,Sunday,Collingwood,Port Adelaide,MCG
5/06/2009 19:40,Friday,Richmond,Western Bulldogs,Docklands
6/06/2009 14:10,Saturday,North Melbourne,St Kilda,Docklands
6/06/2009 19:10,Saturday,Brisbane Lions,Carlton,Gabba
6/06/2009 19:40,Saturday,Port Adelaide,Fremantle,Footy Park
7/06/2009 13:10,Sunday,Essendon,Adelaide,Docklands
7/06/2009 14:10,Sunday,Hawthorn,Sydney,MCG
7/06/2009 16:40,Sunday,West Coast,Geelong,Subiaco
8/06/2009 14:10,Monday,Melbourne,Collingwood,MCG
12/06/2009 19:40,Friday,Carlton,St Kilda,Docklands
13/06/2009 19:10,Saturday,Western Bulldogs,Port Adelaide,Marrara
13/06/2009 19:10,Saturday,Richmond,West Coast,Docklands
14/06/2009 13:10,Sunday,Hawthorn,Brisbane Lions,Launceston
14/06/2009 16:40,Sunday,Adelaide,North Melbourne,Footy Park
19/06/2009 19:40,Friday,Essendon,Melbourne,Docklands
20/06/2009 19:10,Saturday,Sydney,Collingwood,Homebush
21/06/2009 16:40,Sunday,Fremantle,Geelong,Subiaco
26/06/2009 19:40,Friday,Essendon,Carlton,MCG
27/06/2009 14:10,Saturday,Collingwood,Fremantle,MCG
27/06/2009 15:10,Saturday,Adelaide,Sydney,Footy Park
27/06/2009 19:10,Saturday,Brisbane Lions,Melbourne,Gabba
27/06/2009 19:40,Saturday,West Coast,Hawthorn,Subiaco
28/06/2009 13:10,Sunday,Geelong,Port Adelaide,Kardinia
28/06/2009 14:10,Sunday,North Melbourne,Western Bulldogs,MCG
28/06/2009 16:40,Sunday,St Kilda,Richmond,Docklands
3/07/2009 19:40,Friday,Collingwood,Essendon,MCG
4/07/2009 14:10,Saturday,Melbourne,West Coast,MCG
4/07/2009 15:10,Saturday,Port Adelaide,Brisbane Lions,Footy Park
4/07/2009 19:10,Saturday,Richmond,Adelaide,Gold Coast
4/07/2009 19:10,Saturday,Western Bulldogs,Hawthorn,Docklands
5/07/2009 13:10,Sunday,Sydney,North Melbourne,SCG
5/07/2009 15:10,Sunday,St Kilda,Geelong,Docklands
5/07/2009 16:40,Sunday,Fremantle,Carlton,Subiaco
10/07/2009 19:40,Friday,Western Bulldogs,Collingwood,Docklands
11/07/2009 14:10,Saturday,Sydney,Essendon,SCG
11/07/2009 14:10,Saturday,Carlton,Richmond,MCG
11/07/2009 19:10,Saturday,Brisbane Lions,Geelong,Gabba
11/07/2009 19:40,Saturday,Adelaide,Fremantle,Footy Park
12/07/2009 13:10,Sunday,Hawthorn,North Melbourne,Launceston
12/07/2009 14:10,Sunday,Melbourne,Port Adelaide,MCG
12/07/2009 16:40,Sunday,West Coast,St Kilda,Subiaco
17/07/2009 19:40,Friday,Essendon,Western Bulldogs,Docklands
18/07/2009 14:10,Saturday,Carlton,Sydney,Docklands
18/07/2009 14:10,Saturday,Geelong,Melbourne,Kardinia
18/07/2009 19:10,Saturday,Collingwood,Hawthorn,MCG
18/07/2009 19:40,Saturday,Fremantle,Brisbane Lions,Subiaco
19/07/2009 13:10,Sunday,Port Adelaide,West Coast,Footy Park
19/07/2009 14:10,Sunday,Richmond,North Melbourne,MCG
19/07/2009 16:40,Sunday,St Kilda,Adelaide,Docklands
24/07/2009 19:40,Friday,Carlton,Collingwood,MCG
25/07/2009 14:10,Saturday,Geelong,Hawthorn,MCG
25/07/2009 16:10,Saturday,Fremantle,West Coast,Subiaco
25/07/2009 19:10,Saturday,Brisbane Lions,North Melbourne,Gabba
25/07/2009 19:10,Saturday,St Kilda,Western Bulldogs,Docklands
26/07/2009 13:10,Sunday,Melbourne,Sydney,Manuka
26/07/2009 14:10,Sunday,Essendon,Richmond,MCG
26/07/2009 16:40,Sunday,Adelaide,Port Adelaide,Footy Park
31/07/2009 19:40,Friday,North Melbourne,Carlton,Docklands
1/08/2009 14:10,Saturday,Western Bulldogs,Fremantle,Docklands
1/08/2009 14:10,Saturday,Geelong,Adelaide,Kardinia
1/08/2009 19:10,Saturday,Sydney,St Kilda,SCG
1/08/2009 19:10,Saturday,Collingwood,Brisbane Lions,MCG
2/08/2009 13:10,Sunday,Melbourne,Richmond,MCG
2/08/2009 15:10,Sunday,Port Adelaide,Hawthorn,Footy Park
2/08/2009 16:40,Sunday,West Coast,Essendon,Subiaco
7/08/2009 19:40,Friday,Carlton,Geelong,MCG
8/08/2009 14:10,Saturday,Western Bulldogs,West Coast,Docklands
8/08/2009 14:10,Saturday,Hawthorn,St Kilda,Launceston
8/08/2009 19:10,Saturday,Essendon,Brisbane Lions,MCG
8/08/2009 19:40,Saturday,Adelaide,Collingwood,Footy Park
9/08/2009 13:10,Sunday,North Melbourne,Melbourne,Docklands
9/08/2009 14:10,Sunday,Richmond,Sydney,MCG
9/08/2009 16:40,Sunday,Fremantle,Port Adelaide,Subiaco
14/08/2009 19:40,Friday,Hawthorn,Adelaide,MCG
15/08/2009 14:10,Saturday,Richmond,Collingwood,MCG
15/08/2009 16:10,Saturday,West Coast,North Melbourne,Subiaco
15/08/2009 19:10,Saturday,Brisbane Lions,Western Bulldogs,Gabba
15/08/2009 19:10,Saturday,Sydney,Geelong,Homebush
16/08/2009 13:10,Sunday,Melbourne,Fremantle,MCG
16/08/2009 15:10,Sunday,Port Adelaide,Carlton,Footy Park
16/08/2009 16:40,Sunday,Essendon,St Kilda,Docklands
21/08/2009 19:40,Friday,Western Bulldogs,Geelong,Docklands
22/08/2009 14:10,Saturday,Carlton,Melbourne,Docklands
22/08/2009 15:10,Saturday,Adelaide,West Coast,Footy Park
22/08/2009 19:10,Saturday,Brisbane Lions,Port Adelaide,Gabba
22/08/2009 19:10,Saturday,Richmond,Hawthorn,MCG
23/08/2009 13:10,Sunday,St Kilda,North Melbourne,Docklands
23/08/2009 14:10,Sunday,Collingwood,Sydney,MCG
23/08/2009 16:40,Sunday,Fremantle,Essendon,Subiaco
28/08/2009 20:40,Friday,West Coast,Richmond,Subiaco
29/08/2009 13:10,Saturday,Geelong,Fremantle,Kardinia
29/08/2009 14:10,Saturday,Hawthorn,Essendon,MCG
29/08/2009 16:10,Saturday,Carlton,Adelaide,Docklands
29/08/2009 19:10,Saturday,Sydney,Brisbane Lions,SCG
29/08/2009 19:40,Saturday,Port Adelaide,North Melbourne,Footy Park
30/08/2009 14:10,Sunday,Melbourne,St Kilda,MCG
30/08/2009 16:40,Sunday,Collingwood,Western Bulldogs,Docklands
4/09/2009 20:15,Friday,Adelaide,Essendon,Footy Park
5/09/2009 14:30,Saturday,Geelong,Western Bulldogs,MCG
5/09/2009 19:30,Saturday,Brisbane Lions,Carlton,Gabba
6/09/2009 14:40,Sunday,St Kilda,Collingwood,MCG
11/09/2009 19:45,Friday,Western Bulldogs,Brisbane Lions,MCG
12/09/2009 19:30,Saturday,Collingwood,Adelaide,MCG
18/09/2009 19:45,Friday,St Kilda,Western Bulldogs,MCG
19/09/2009 19:30,Saturday,Geelong,Collingwood,MCG
26/09/2009 14:30,Saturday,St Kilda,Geelong,MCG
12/02/2010 19:40,Friday,West Coast,Essendon,Subiaco
13/02/2010 16:10,Saturday,Adelaide,Port Adelaide,Footy Park
13/02/2010 19:40,Saturday,Hawthorn,Richmond,Launceston
14/02/2010 16:40,Sunday,Western Bulldogs,Brisbane Lions,Manuka
19/02/2010 19:40,Friday,St Kilda,Collingwood,Docklands
20/02/2010 19:40,Saturday,Sydney,Carlton,Blacktown
21/02/2010 16:40,Sunday,Geelong,North Melbourne,Docklands
21/02/2010 20:40,Sunday,Fremantle,Melbourne,Subiaco
26/02/2010 19:40,Friday,Hawthorn,Western Bulldogs,Docklands
26/02/2010 20:40,Friday,West Coast,Port Adelaide,Subiaco
27/02/2010 19:10,Saturday,St Kilda,Sydney,Docklands
28/02/2010 17:10,Sunday,North Melbourne,Fremantle,Docklands
5/03/2010 19:40,Friday,Western Bulldogs,Port Adelaide,Docklands
6/03/2010 19:10,Saturday,St Kilda,Fremantle,Docklands
13/03/2010 19:10,Saturday,Western Bulldogs,St Kilda,Docklands
25/03/2010 19:10,Thursday,Richmond,Carlton,MCG
